Cust_Id,CustFirstName,CustLastName,CustFullName,Phone,Address,City,State,ZIPCode
1,Cally,Reynolds,Cally Reynolds,(901) 166-8355,556 Lakewood Park,Bismarck,North Dakota,58505
2,Sydney,Bartlett,Sydney Bartlett,(982) 231-7357,4829 Badeau Parkway,Chattanooga,Tennessee,37405
3,Hunter,Newton,Hunter Newton,(831) 996-1240,2 Rockefeller Avenue,Waco,Texas,76796
4,Brook,Perkins,Brooke Perkins,(340) 732-9367,87 Brentwood Park,Dallas,Texas,75358
5,Nolan,Slater,Nolan Slater,(540) 487-5928,99 Sage Street,Reno,Nevada,89505
6,Germaine,Green,Germaine Green,(466) 455-4160,6 Jana Park,San Antonio,Texas,78240
7,Medge,Ratliff,Medge Ratliff,(358) 751-8227,75 Erie Terrace,Dayton,Ohio,45454
8,Nash,Vasquez,Nash Vasquez,(989) 937-6199,39464 Debra Lane,Young America,Minnesota,55557
9,Michael,Rutledge,Michael Rutledge,(366) 822-4574,8231 Crowley Crossing,Cincinnati,Ohio,45999
10,Guy,Ochoa,Guy Ochoa,(720) 242-4596,92483 Doe Crossing Drive,Lansing,Michigan,48956
11,Coby,Lucas,Coby Lucas,(177) 816-3420,7316 Dryden Road,Memphis,Tennessee,38114
12,Merrill,Freeman,Merrill Freeman,(838) 734-1768,7746 Mitchell Point,New Haven,Connecticut,06510
13,Rae,Hawkins,Rae Hawkins,(484) 158-4493,181 Packers Way,Boston,Massachusetts,02216
14,Sade,Santiago,Sade Santiago,(497) 492-4618,2 Farragut Crossing,Anchorage,Alaska,99512
15,Judith,Leonard,Judith Leonard,(549) 439-1744,2 Namekagon Trail,Trenton,New Jersey,08619
16,Malik,Faulkner,Malik Faulkner,(186) 520-2519,8 Gerald Point,Orlando,Florida,32858
17,Benjamin,Miranda,Benjamin Miranda,(992) 329-4925,40 Lighthouse Bay Circle,Saint Petersburg,Florida,33731
18,Rhona,Stanley,Rhona Stanley,(237) 294-5071,992 Haas Avenue,San Diego,California,92186
19,Amena,Petersen,Amena Petersen,(383) 554-7219,6625 Lukken Circle,Brooklyn,New York,11205
20,Lucas,Trevino,Lucas Trevino,(176) 773-9482,78 Summer Ridge Alley,Duluth,Minnesota,55805
21,Dorian,Dale,Dorian Dale,(311) 929-6026,9843 Graceland Point,Lansing,Michigan,48930
22,Shellie,Velez,Shellie Velez,(197) 282-8671,5204 Beilfuss Place,Columbus,Ohio,43204
23,Rhonda,Wilder,Rhonda Wilder,(653) 854-3876,92 Northfield Terrace,Louisville,Kentucky,40287
24,Tyrone,Powell,Tyrone Powell,(113) 724-9255,91955 Mosinee Parkway,Indianapolis,Indiana,46278
25,Raja,Wells,Raja Wells,(244) 178-1821,62 Warner Place,Washington,District of Columbia,20525
26,Adara,Langley,Adara Langley,(696) 810-8990,88 Burning Wood Junction,Anaheim,California,92812
27,Jerry,Gill,Jerry Gill,(491) 955-1047,229 Golden Leaf Road,Gadsden,Alabama,35905
28,Arden,Bennett,Arden Bennett,(959) 194-1875,6502 Montana Junction,New Orleans,Louisiana,70174
29,Philip,Ware,Philip Ware,(615) 720-3672,58034 Nelson Street,Washington,District of Columbia,20036
30,Clementine,Oliver,Clementine Oliver,(603) 332-7827,6 Granby Drive,Topeka,Kansas,66606
31,Iliana,Hester,Iliana Hester,(716) 866-7734,3409 Oriole Point,Peoria,Illinois,61629
32,Francesca,Hodges,Francesca Hodges,(324) 686-7614,609 Everett Avenue,Des Moines,Iowa,50330
33,Sydney,Robertson,Sydney Robertson,(304) 577-5758,3061 Sachs Lane,Scottsdale,Arizona,85255
34,Amery,Washington,Amery Washington,(191) 476-0002,710 Old Gate Circle,Chicago,Illinois,60641
35,Barrett,Howell,Barrett Howell,(538) 115-5665,0864 Bluestem Center,Sacramento,California,95823
36,Lunea,Rios,Lunea Rios,(311) 982-5690,289 Porter Crossing,Silver Spring,Maryland,20918
37,Wynter,Roberts,Wynter Roberts,(721) 262-6519,89318 Heffernan Crossing,Santa Barbara,California,93150
38,Melyssa,Gates,Melyssa Gates,(263) 976-2589,419 Tennyson Court,San Luis Obispo,California,93407
39,Quail,Vance,Quail Vance,(229) 484-5107,25 Green Plaza,Davenport,Iowa,52804
40,Rose,Holcomb,Rose Holcomb,(129) 823-5800,6755 Burrows Center,Columbus,Georgia,31914
41,Ayanna,Foreman,Ayanna Foreman,(146) 146-9356,30 Gulseth Junction,San Francisco,California,94154
42,Jael,Rice,Jael Rice,(394) 444-6027,68316 Emmet Trail,San Diego,California,92153
43,Anastasia,Owens,Anastasia Owens,(423) 401-3016,86432 Westridge Alley,Wichita,Kansas,67230
44,Zephr,Mcgee,Zephr Mcgee,(708) 764-4578,2 Nevada Junction,Pittsburgh,Pennsylvania,15235
45,Roth,Black,Roth Black,(330) 983-4433,605 Bunting Road,White Plains,New York,10606
46,Calvin,Henry,Calvin Henry,(327) 821-0113,52 Sachtjen Avenue,Tampa,Florida,33661
47,Joshua,Delaney,Joshua Delaney,(838) 282-2276,62 Karstens Junction,Tulsa,Oklahoma,74141
48,Laith,Jordan,Laith Jordan,(868) 659-6715,7468 Talmadge Junction,Baltimore,Maryland,21275
49,Blaine,Ashley,Blaine Ashley,(261) 759-5806,561 Basil Court,Greensboro,North Carolina,27404
50,Mollie,Meyers,Mollie Meyers,(309) 329-9140,4276 Hallows Terrace,San Antonio,Texas,78260
51,Oleg,Merritt,Oleg Merritt,(513) 912-4721,874 Leroy Hill,Santa Rosa,California,95405
52,Zephr,Fry,Zephr Fry,(166) 472-2547,6 Manitowish Trail,Topeka,Kansas,66642
53,Nolan,Robertson,Nolan Robertson,(822) 296-4465,8698 Crest Line Parkway,Columbia,South Carolina,29208
54,Astra,Edwards,Astra Edwards,(177) 600-1729,5733 Walton Center,Jamaica,New York,11470
55,Adena,Jenkins,Adena Jenkins,(342) 731-9079,22577 Starling Lane,Chicago,Illinois,60604
56,Sasha,King,Sasha King,(733) 104-5058,86073 Sloan Way,Pueblo,Colorado,81015
57,Kenneth,Potts,Kenneth Potts,(976) 544-1168,1 Springview Circle,Helena,Montana,59623
58,Roanna,Acevedo,Roanna Acevedo,(868) 464-7466,7 Cottonwood Plaza,Pensacola,Florida,32505
59,Debra,Finley,Debra Finley,(542) 954-1230,3627 Pine View Circle,Cleveland,Ohio,44118
60,Shay,Davidson,Shay Davidson,(934) 777-4129,423 Kenwood Park,Temple,Texas,76505
61,Kyla,Hebert,Kyla Hebert,(715) 654-8147,4 Manufacturers Pass,Greensboro,North Carolina,27499
62,Josiah,Wagner,Josiah Wagner,(700) 742-7671,58 Melvin Pass,Huntsville,Alabama,35815
63,Hadley,Sosa,Hadley Sosa,(222) 150-9436,95567 Browning Crossing,Vero Beach,Florida,32964
64,Karly,Hardin,Karly Hardin,(106) 281-7513,9776 Beilfuss Parkway,Cleveland,Ohio,44118
65,Molly,Grant,Molly Grant,(689) 843-0460,791 Cherokee Court,Merrifield,Virginia,22119
66,Jaime,Craig,Jaime Craig,(375) 915-2089,7189 Pankratz Point,Dayton,Ohio,45454
67,Wesley,Rush,Wesley Rush,(722) 576-0563,24812 Cordelia Trail,Corpus Christi,Texas,78475
68,Dustin,Daugherty,Dustin Daugherty,(951) 720-1227,207 Bunting Street,Sioux City,Iowa,51105
69,Kyle,Keith,Kyle Keith,(578) 125-5684,795 Troy Terrace,Atlanta,Georgia,31106
70,Chester,Best,Chester Best,(608) 587-5791,102 Fallview Terrace,Minneapolis,Minnesota,55441
71,Kaden,Sharpe,Kaden Sharpe,(246) 987-2818,99 Hanson Way,Richmond,Virginia,23242
72,Shafira,Bennett,Shafira Bennett,(279) 911-0843,9 Roth Place,Dayton,Ohio,45454
73,Zena,Washington,Zena Washington,(921) 805-5150,823 Glacier Hill Point,San Bernardino,California,92415
74,Eric,Donaldson,Eric Donaldson,(714) 520-4254,62597 Lighthouse Bay Drive,Port Charlotte,Florida,33954
75,Indira,Odom,Indira Odom,(714) 947-5101,2 Hovde Plaza,Saint Paul,Minnesota,55108
76,Savannah,Conner,Savannah Conner,(361) 128-7285,52509 Almo Lane,Raleigh,North Carolina,27658
77,Graham,Frederick,Graham Frederick,(707) 474-5854,22 Superior Way,Boston,Massachusetts,02203
78,Chastity,Charles,Chastity Charles,(186) 176-2590,22278 Waubesa Road,Birmingham,Alabama,35225
79,Leslie,Pace,Leslie Pace,(623) 686-1821,839 Pepper Wood Street,El Paso,Texas,88563
80,Nasim,Sheppard,Nasim Sheppard,(930) 295-6752,5 Melvin Street,New York City,New York,10039
81,Yoko,Travis,Yoko Travis,(818) 864-3843,3149 Kinsman Court,Winston Salem,North Carolina,27116
82,Brody,Love,Brody Love,(360) 338-4848,96 Eliot Way,Fresno,California,93715
83,Mona,Matthews,Mona Matthews,(723) 808-1834,32174 Ridge Oak Plaza,San Francisco,California,94177
84,Jenna,Hendricks,Jenna Hendricks,(840) 746-9696,33837 Independence Place,Oklahoma City,Oklahoma,73124
85,Sydney,Dejesus,Sydney Dejesus,(110) 771-1999,3 Morning Circle,San Francisco,California,94177
86,Hedy,Vang,Hedy Vang,(383) 134-3234,1876 Petterle Court,Brea,California,92822
87,Gray,Gutierrez,Gray Gutierrez,(496) 849-2265,7271 Ramsey Way,Washington,District of Columbia,20420
88,Cailin,Alford,Cailin Alford,(368) 400-8301,282 Acker Terrace,Winston Salem,North Carolina,27157
89,Erasmus,Neal,Erasmus Neal,(774) 548-5638,907 Briar Crest Terrace,Santa Barbara,California,93150
90,Derek,Conrad,Derek Conrad,(275) 477-2907,6 Carioca Crossing,Arvada,Colorado,80005
91,Melinda,Price,Melinda Price,(748) 701-8010,318 Park Meadow Hill,San Antonio,Texas,78285
92,Rebekah,Nelson,Rebekah Nelson,(447) 121-6473,8117 Straubel Plaza,Jamaica,New York,11480
93,Ronan,Mendez,Ronan Mendez,(302) 847-0643,3849 Northport Parkway,Appleton,Wisconsin,54915
94,Brock,Case,Brock Case,(544) 534-1984,602 Sommers Parkway,Norfolk,Virginia,23520
95,Theodore,Brock,Theodore Brock,(662) 476-0315,400 Summit Lane,Brooklyn,New York,11210
96,Serena,Malone,Serena Malone,(137) 440-1643,30 Onsgard Crossing,Los Angeles,California,90040
97,Eagan,Bray,Eagan Bray,(529) 738-3373,55617 Straubel Drive,Philadelphia,Pennsylvania,19146
98,Nicole,Mcconnell,Nicole Mcconnell,(892) 616-0264,8 Delaware Hill,Garden Grove,California,92844
99,Kamal,Newton,Kamal Newton,(704) 685-9968,718 Lakewood Parkway,Appleton,Wisconsin,54915
100,Quentin,Marshall,Quentin Marshall,(203) 755-9348,100 Bunting Drive,Washington,District of Columbia,20557
